[
    {
        "process_id": 1,
        "form_number": "0.1",
        "form_name": "Account Opening Form"
    },
    {
        "process_id": 2,
        "form_number": "0.2",
        "form_name": "Select Account Variant"
    },
    {
        "process_id": 3,
        "form_number": "1.1",
        "form_name": "Customer Information Form"
    },
    {
        "process_id": 4,
        "form_number": "1.2",
        "form_name": "Applicant Personal Detail(1)"
    },
    {
        "process_id": 5,
        "form_number": "1.2.1",
        "form_name": "Applicant Personal Detail(2)"
    },
    {
        "process_id": 6,
        "form_number": "2.1",
        "form_name": "FATCA / CRS Declaration"
    },
    {
        "process_id": 7,
        "form_number": "3.1",
        "form_name": "KYC details"
    },
    {
        "process_id": 8,
        "form_number": "3.2",
        "form_name": "KYC details Temp Visa declaration(1)"
    },
    {
        "process_id": 9,
        "form_number": "3.2.1",
        "form_name": "KYC details Temp Visa declaration(2)"
    },
    {
        "process_id": 10,
        "form_number": "3.3",
        "form_name": "KYC details(PIO) DECLARATION"
    },
    {
        "process_id": 11,
        "form_number": "4.1",
        "form_name": "Contact details"
    },
    {
        "process_id": 12,
        "form_number": "5.1",
        "form_name": "Address Details(1)"
    },
    {
        "process_id": 13,
        "form_number": "5.2",
        "form_name": "Address Details(2)"
    },
    {
        "process_id": 14,
        "form_number": "6.1",
        "form_name": "Customer Profile"
    },
    {
        "process_id": 15,
        "form_number": "7.1",
        "form_name": "INTERNET BANKING(1)"
    },
    {
        "process_id": 16,
        "form_number": "7.2",
        "form_name": "INTERNET BANKING(2)"
    },
    {
        "process_id": 17,
        "form_number": "8.1",
        "form_name": "Document Upload - Valid Passport"
    },
    {
        "process_id": 18,
        "form_number": "8.1.2",
        "form_name": "Document Upload - Passport front and back"
    },
    {
        "process_id": 19,
        "form_number": "8.2.1",
        "form_name": "Document Upload - Address Proof"
    },
    {
        "process_id": 20,
        "form_number": "8.2.2",
        "form_name": "Document Upload - Annexure"
    },
    {
        "process_id": 21,
        "form_number": "8.2.3",
        "form_name": "Format for obtaining information from applicant's relatives"
    },
    {
        "process_id": 22,
        "form_number": "8.3",
        "form_name": "Document Upload - Form 60"
    },
    {
        "process_id": 23,
        "form_number": "8.4",
        "form_name": "Document Upload - Visa"
    },
    {
        "process_id": 24,
        "form_number": "8.5",
        "form_name": "Document Upload - OLD Indian - Passport"
    },
    {
        "process_id": 72,
        "form_number": "8.5.1",
        "form_name": "Document Upload - Other Document"
    },
    {
        "process_id": 25,
        "form_number": "9.1",
        "form_name": "Applicant From NOMINATION"
    },
    {
        "process_id": 26,
        "form_number": "9.1.1",
        "form_name": "Applicant From NOMINATION"
    },
    {
        "process_id": 27,
        "form_number": "9.1.2",
        "form_name": "Applicant From NOMINATION"
    },
    {
        "process_id": 28,
        "form_number": "9.2",
        "form_name": "Declaration Final Submit(1)"
    },
    {
        "process_id": 29,
        "form_number": "9.2.1",
        "form_name": "Declaration Final Submit(2)"
    },
    {
        "process_id": 31,
        "form_number": "1.1",
        "form_name": "Applicant Form - Minor Account"
    },
    {
        "process_id": 32,
        "form_number": "8.5",
        "form_name": "PIO Declaration Document Proof"
    },
    {
        "process_id": 30,
        "form_number": "10",
        "form_name": "Form Submit"
    },
    
    


    {
        "process_id": 33,
        "form_number": "1.1",
        "form_name": "Applicant Personal Detail(1) - Minor Account"
    },
    {
        "process_id": 34,
        "form_number": "1.2",
        "form_name": "Applicant Personal Detail(2) - Minor Account"
    },
    {
        "process_id": 35,
        "form_number": "3.1",
        "form_name": "KYC Detials(1) - Minor Account"
    },
    {
        "process_id": 36,
        "form_number": "3.2",
        "form_name": "KYC details Temp Visa declaration(1) - Minor Account"
    },
    {
        "process_id": 37,
        "form_number": "3.2.1",
        "form_name": "KYC details Temp Visa declaration(2) - Minor Account"
    },
    {
        "process_id": 38,
        "form_number": "3.3",
        "form_name": "KYC details(PIO) DECLARATION - Minor Account"
    },
    {
        "process_id": 39,
        "form_number": "8.1",
        "form_name": "Document Upload - Valid Passport - Minor Account"
    },
    {
        "process_id": 40,
        "form_number": "8.1.2",
        "form_name": "Document Upload - Passport front and back - Minor Account"
    },
    {
        "process_id": 41,
        "form_number": "8.4",
        "form_name": "Document Upload - Visa Document / Residence Permit - Minor Account"
    },
    {
        "process_id": 42,
        "form_number": "8.5",
        "form_name": "Document Upload - PIO Declaration Document Proof - Minor Account"
    },
    {
        "process_id": 43,
        "form_number": "8.6",
        "form_name": "Document Upload - Other Document Proof - Minor Account"
    },

    {
        "process_id": 44,
        "form_number": "1",
        "form_name": "Guardian Details - Minor Account/Guardian"
    },
    {
        "process_id": 45,
        "form_number": "1.1",
        "form_name": "Guardian Personal Detail(1) - Minor Account/Guardian"
    },
    {
        "process_id": 46,
        "form_number": "1.2",
        "form_name": "Guardian Personal Detail(2) - Minor Account/Guardian"
    },
    {
        "process_id": 47,
        "form_number": "2.1",
        "form_name": "FATCA / CRS Declaration - Minor Account/Guardian"
    },
    {
        "process_id": 48,
        "form_number": "3.1",
        "form_name": "KYC Details - Minor Account/Guardian"
    },
    {
        "process_id": 49,
        "form_number": "3.2",
        "form_name": "KYC Details - Temporary Visa Declaration(1) - Minor Account/Guardian"
    },
    {
        "process_id": 50,
        "form_number": "3.2.1",
        "form_name": "KYC Details - Temporary Visa Declaration(2) - Minor Account/Guardian"
    },
    {
        "process_id": 51,
        "form_number": "3.3",
        "form_name": "KYC Details - PIO Declaration - Minor Account/Guardian"
    },
    {
        "process_id": 52,
        "form_number": "4.1",
        "form_name": "Contact Details - Minor Account/Guardian"
    },
    {
        "process_id": 53,
        "form_number": "5.1",
        "form_name": "Address Details(1) - Minor Account/Guardian"
    },
    {
        "process_id": 54,
        "form_number": "5.1",
        "form_name": "Address Details(2) - Minor Account/Guardian"
    },
    {
        "process_id": 55,
        "form_number": "6.1",
        "form_name": "Customer Profiler - Minor Account/Guardian"
    },
    {
        "process_id": 56,
        "form_number": "7.1",
        "form_name": "INTERNET BANKING(1) - Minor Account/Guardian"
    },
    {
        "process_id": 57,
        "form_number": "7.2",
        "form_name": "INTERNET BANKING(2) - Minor Account/Guardian"
    },
    {
        "process_id": 58,
        "form_number": "8.1",
        "form_name": "Document Upload - Valid Passport Minor - Account/Guardian"
    },
    {
        "process_id": 59,
        "form_number": "8.1.2",
        "form_name": "Document Upload - Passport front and back - Minor Account/Guardian"
    },
    {
        "process_id": 60,
        "form_number": "8.2.1",
        "form_name": "Address Proof - Minor Account/Guardian"
    },
    {
        "process_id": 61,
        "form_number": "8.2.2",
        "form_name": "Document Upload - Annexure - Minor Account/Guardian"
    },
    {
        "process_id": 62,
        "form_number": "8.2.3",
        "form_name": "Format for obtaining information from applicant's relatives - Minor Account/Guardian"
    },
    {
        "process_id": 63,
        "form_number": "8.3",
        "form_name": "Document Upload - Form 60 - Minor Account/Guardian"
    },
    {
        "process_id": 64,
        "form_number": "8.4",
        "form_name": "Document Upload - Visa - Minor Account/Guardian"
    },
    {
        "process_id": 65,
        "form_number": "8.5",
        "form_name": "Document Upload - OLD Indian(PIO) - Passport - Minor Account/Guardian"
    },
    {
        "process_id": 66,
        "form_number": "8.5.1",
        "form_name": "Document Upload - Other Document - Minor Account/Guardian"
    },
    {
        "process_id": 67,
        "form_number": "9.1",
        "form_name": "Applicant From NOMINATION - Minor Account/Guardian"
    },
    {
        "process_id": 68,
        "form_number": "9.1.1",
        "form_name": "Applicant From NOMINATION(1) - Minor Account/Guardian"
    },
    {
        "process_id": 69,
        "form_number": "9.1.2",
        "form_name": "Applicant From NOMINATION(2) - Minor Account/Guardian"
    },
    {
        "process_id": 70,
        "form_number": "9.2",
        "form_name": "Declaration Final Submit(1) - Minor Account/Guardian"
    },
    {
        "process_id": 71,
        "form_number": "9.2.1",
        "form_name": "Declaration Final Submit(2) - Minor Account/Guardian"
    },
    {
        "process_id": 73,
        "form_number": "9.2.4",
        "form_name": "Document Upload - OCI"
    }
]


