[
  {
    "gross_income_id": 1,
    "gross_income_range": "<= 60 K"
  },
  {
    "gross_income_id": 2,
    "gross_income_range": "60 K - 1.2 Lakh"
  },
  {
    "gross_income_id": 3,
    "gross_income_range": "1.2 - 2 Lakh"
  },
  {
    "gross_income_id": 4,
    "gross_income_range": "2 - 3 Lakh"
  },
  {
    "gross_income_id": 5,
    "gross_income_range": "3 - 5 Lakh"
  },
  {
    "gross_income_id": 6,
    "gross_income_range": "5 - 10 Lakh"
  },
  {
    "gross_income_id": 7,
    "gross_income_range": "10 - 50 Lakh"
  },
  {
    "gross_income_id": 8,
    "gross_income_range": "> 50 Lakh - 1 Crore"
  },
  {
    "gross_income_id": 9,
    "gross_income_range": "> 1 Crore"
  }
]