[
  {
    "occuption_id": 1,
    "occupation_title": "Doctor"
  },
  {
    "occuption_id": 2,
    "occupation_title": "CA / CS"
  },
  {
    "occuption_id": 3,
    "occupation_title": "Lawyer"
  },
  {
    "occuption_id": 4,
    "occupation_title": "Architect"
  },
  {
    "occuption_id": 5,
    "occupation_title": "Engineer"
  },
  {
    "occuption_id": 6,
    "occupation_title": "Consultant"
  },
  {
    "occuption_id": 7,
    "occupation_title": "Agriculturist"
  },
  {
    "occuption_id": 8,
    "occupation_title": "Others"
  }
]